feature/259-mgc_matrix_mult_a-util_0.85.npy,label/259-mgc_matrix_mult_a-util_0.85.npy
feature/156-mgc_edit_dist_a-util_0.8.npy,label/156-mgc_edit_dist_a-util_0.8.npy
feature/475-mgc_superblue11_a-util_0.9.npy,label/475-mgc_superblue11_a-util_0.9.npy
feature/3-mgc_pci_bridge32_a-util_0.85.npy,label/3-mgc_pci_bridge32_a-util_0.85.npy
feature/202-mgc_edit_dist_a-util_0.8.npy,label/202-mgc_edit_dist_a-util_0.8.npy
feature/314-mgc_matrix_mult_b-util_0.8.npy,label/314-mgc_matrix_mult_b-util_0.8.npy
feature/120-mgc_fft_b-util_0.9.npy,label/120-mgc_fft_b-util_0.9.npy
feature/244-mgc_des_perf_a-util_0.9.npy,label/244-mgc_des_perf_a-util_0.9.npy
feature/341-mgc_matrix_mult_a-util_0.75.npy,label/341-mgc_matrix_mult_a-util_0.75.npy
feature/252-mgc_matrix_mult_c-util_0.85.npy,label/252-mgc_matrix_mult_c-util_0.85.npy
feature/115-mgc_fft_b-util_0.7.npy,label/115-mgc_fft_b-util_0.7.npy
feature/298-mgc_matrix_mult_c-util_0.9.npy,label/298-mgc_matrix_mult_c-util_0.9.npy
feature/76-mgc_pci_bridge32_b-util_0.75.npy,label/76-mgc_pci_bridge32_b-util_0.75.npy
feature/527-mgc_superblue19-util_0.75.npy,label/527-mgc_superblue19-util_0.75.npy
feature/54-mgc_fft_a-util_0.75.npy,label/54-mgc_fft_a-util_0.75.npy
feature/185-mgc_des_perf_a-util_0.8.npy,label/185-mgc_des_perf_a-util_0.8.npy
feature/455-mgc_superblue14-util_0.9.npy,label/455-mgc_superblue14-util_0.9.npy
feature/504-mgc_superblue16_a-util_0.85.npy,label/504-mgc_superblue16_a-util_0.85.npy
feature/218-mgc_edit_dist_a-util_0.75.npy,label/218-mgc_edit_dist_a-util_0.75.npy
feature/145-mgc_fft_b-util_0.7.npy,label/145-mgc_fft_b-util_0.7.npy
feature/340-mgc_matrix_mult_c-util_0.7.npy,label/340-mgc_matrix_mult_c-util_0.7.npy
feature/309-mgc_matrix_mult_c-util_0.9.npy,label/309-mgc_matrix_mult_c-util_0.9.npy
feature/38-mgc_pci_bridge32_b-util_0.8.npy,label/38-mgc_pci_bridge32_b-util_0.8.npy
feature/354-mgc_matrix_mult_a-util_0.7.npy,label/354-mgc_matrix_mult_a-util_0.7.npy
feature/443-mgc_superblue16_a-util_0.85.npy,label/443-mgc_superblue16_a-util_0.85.npy
feature/421-mgc_superblue12-util_0.9.npy,label/421-mgc_superblue12-util_0.9.npy
feature/331-mgc_matrix_mult_c-util_0.7.npy,label/331-mgc_matrix_mult_c-util_0.7.npy
feature/469-mgc_superblue16_a-util_0.7.npy,label/469-mgc_superblue16_a-util_0.7.npy
feature/43-mgc_pci_bridge32_b-util_0.75.npy,label/43-mgc_pci_bridge32_b-util_0.75.npy
feature/176-mgc_fft_b-util_0.9.npy,label/176-mgc_fft_b-util_0.9.npy
feature/381-mgc_matrix_mult_c-util_0.75.npy,label/381-mgc_matrix_mult_c-util_0.75.npy
feature/158-mgc_fft_a-util_0.8.npy,label/158-mgc_fft_a-util_0.8.npy
feature/217-mgc_edit_dist_a-util_0.8.npy,label/217-mgc_edit_dist_a-util_0.8.npy
feature/288-mgc_matrix_mult_c-util_0.85.npy,label/288-mgc_matrix_mult_c-util_0.85.npy
feature/461-mgc_superblue16_a-util_0.85.npy,label/461-mgc_superblue16_a-util_0.85.npy
feature/13-mgc_pci_bridge32_a-util_0.85.npy,label/13-mgc_pci_bridge32_a-util_0.85.npy
feature/253-mgc_des_perf_a-util_0.75.npy,label/253-mgc_des_perf_a-util_0.75.npy
feature/386-mgc_superblue19-util_0.9.npy,label/386-mgc_superblue19-util_0.9.npy
feature/300-mgc_matrix_mult_b-util_0.9.npy,label/300-mgc_matrix_mult_b-util_0.9.npy
feature/387-mgc_superblue19-util_0.7.npy,label/387-mgc_superblue19-util_0.7.npy
feature/269-mgc_matrix_mult_a-util_0.7.npy,label/269-mgc_matrix_mult_a-util_0.7.npy
feature/47-mgc_fft_a-util_0.9.npy,label/47-mgc_fft_a-util_0.9.npy
feature/305-mgc_matrix_mult_b-util_0.9.npy,label/305-mgc_matrix_mult_b-util_0.9.npy
feature/68-mgc_fft_a-util_0.7.npy,label/68-mgc_fft_a-util_0.7.npy
feature/514-mgc_superblue16_a-util_0.9.npy,label/514-mgc_superblue16_a-util_0.9.npy
feature/483-mgc_superblue14-util_0.75.npy,label/483-mgc_superblue14-util_0.75.npy
feature/428-mgc_superblue12-util_0.75.npy,label/428-mgc_superblue12-util_0.75.npy
feature/481-mgc_superblue11_a-util_0.9.npy,label/481-mgc_superblue11_a-util_0.9.npy
feature/92-mgc_pci_bridge32_b-util_0.7.npy,label/92-mgc_pci_bridge32_b-util_0.7.npy
feature/175-mgc_fft_a-util_0.8.npy,label/175-mgc_fft_a-util_0.8.npy
feature/324-mgc_matrix_mult_b-util_0.9.npy,label/324-mgc_matrix_mult_b-util_0.9.npy
feature/203-mgc_edit_dist_a-util_0.9.npy,label/203-mgc_edit_dist_a-util_0.9.npy
feature/499-mgc_superblue11_a-util_0.75.npy,label/499-mgc_superblue11_a-util_0.75.npy
feature/289-mgc_matrix_mult_c-util_0.8.npy,label/289-mgc_matrix_mult_c-util_0.8.npy
feature/401-mgc_superblue12-util_0.7.npy,label/401-mgc_superblue12-util_0.7.npy
feature/88-mgc_pci_bridge32_b-util_0.7.npy,label/88-mgc_pci_bridge32_b-util_0.7.npy
feature/465-mgc_superblue16_a-util_0.8.npy,label/465-mgc_superblue16_a-util_0.8.npy
feature/452-mgc_superblue11_a-util_0.85.npy,label/452-mgc_superblue11_a-util_0.85.npy
feature/283-mgc_matrix_mult_b-util_0.9.npy,label/283-mgc_matrix_mult_b-util_0.9.npy
feature/105-mgc_edit_dist_a-util_0.85.npy,label/105-mgc_edit_dist_a-util_0.85.npy
feature/418-mgc_superblue12-util_0.8.npy,label/418-mgc_superblue12-util_0.8.npy
feature/344-mgc_matrix_mult_b-util_0.85.npy,label/344-mgc_matrix_mult_b-util_0.85.npy
feature/152-mgc_fft_b-util_0.9.npy,label/152-mgc_fft_b-util_0.9.npy
feature/290-mgc_matrix_mult_b-util_0.8.npy,label/290-mgc_matrix_mult_b-util_0.8.npy
feature/304-mgc_matrix_mult_b-util_0.7.npy,label/304-mgc_matrix_mult_b-util_0.7.npy
feature/521-mgc_superblue19-util_0.7.npy,label/521-mgc_superblue19-util_0.7.npy
feature/51-mgc_pci_bridge32_b-util_0.9.npy,label/51-mgc_pci_bridge32_b-util_0.9.npy
feature/397-mgc_superblue19-util_0.75.npy,label/397-mgc_superblue19-util_0.75.npy
feature/80-mgc_fft_a-util_0.7.npy,label/80-mgc_fft_a-util_0.7.npy
feature/347-mgc_matrix_mult_a-util_0.85.npy,label/347-mgc_matrix_mult_a-util_0.85.npy
feature/160-mgc_edit_dist_a-util_0.85.npy,label/160-mgc_edit_dist_a-util_0.85.npy
feature/471-mgc_superblue14-util_0.75.npy,label/471-mgc_superblue14-util_0.75.npy
feature/111-mgc_fft_b-util_0.75.npy,label/111-mgc_fft_b-util_0.75.npy
feature/411-mgc_superblue12-util_0.75.npy,label/411-mgc_superblue12-util_0.75.npy
feature/188-mgc_des_perf_a-util_0.85.npy,label/188-mgc_des_perf_a-util_0.85.npy
feature/460-mgc_superblue14-util_0.9.npy,label/460-mgc_superblue14-util_0.9.npy
feature/130-mgc_des_perf_a-util_0.7.npy,label/130-mgc_des_perf_a-util_0.7.npy
feature/242-mgc_des_perf_a-util_0.85.npy,label/242-mgc_des_perf_a-util_0.85.npy
feature/39-mgc_pci_bridge32_a-util_0.8.npy,label/39-mgc_pci_bridge32_a-util_0.8.npy
feature/294-mgc_matrix_mult_a-util_0.7.npy,label/294-mgc_matrix_mult_a-util_0.7.npy
feature/470-mgc_superblue14-util_0.75.npy,label/470-mgc_superblue14-util_0.75.npy
feature/356-mgc_matrix_mult_b-util_0.75.npy,label/356-mgc_matrix_mult_b-util_0.75.npy
feature/361-mgc_matrix_mult_c-util_0.75.npy,label/361-mgc_matrix_mult_c-util_0.75.npy
feature/72-mgc_fft_b-util_0.7.npy,label/72-mgc_fft_b-util_0.7.npy
feature/108-mgc_des_perf_a-util_0.9.npy,label/108-mgc_des_perf_a-util_0.9.npy
feature/94-mgc_fft_a-util_0.85.npy,label/94-mgc_fft_a-util_0.85.npy
feature/69-mgc_pci_bridge32_b-util_0.85.npy,label/69-mgc_pci_bridge32_b-util_0.85.npy
feature/291-mgc_matrix_mult_a-util_0.8.npy,label/291-mgc_matrix_mult_a-util_0.8.npy
feature/322-mgc_matrix_mult_b-util_0.75.npy,label/322-mgc_matrix_mult_b-util_0.75.npy
feature/517-mgc_superblue11_a-util_0.7.npy,label/517-mgc_superblue11_a-util_0.7.npy
feature/200-mgc_edit_dist_a-util_0.9.npy,label/200-mgc_edit_dist_a-util_0.9.npy
feature/8-mgc_pci_bridge32_a-util_0.7.npy,label/8-mgc_pci_bridge32_a-util_0.7.npy
feature/256-mgc_matrix_mult_c-util_0.75.npy,label/256-mgc_matrix_mult_c-util_0.75.npy
feature/127-mgc_fft_a-util_0.85.npy,label/127-mgc_fft_a-util_0.85.npy
feature/258-mgc_matrix_mult_a-util_0.85.npy,label/258-mgc_matrix_mult_a-util_0.85.npy
feature/25-mgc_pci_bridge32_b-util_0.7.npy,label/25-mgc_pci_bridge32_b-util_0.7.npy
feature/34-mgc_pci_bridge32_a-util_0.75.npy,label/34-mgc_pci_bridge32_a-util_0.75.npy
feature/342-mgc_matrix_mult_a-util_0.85.npy,label/342-mgc_matrix_mult_a-util_0.85.npy
feature/333-mgc_matrix_mult_c-util_0.9.npy,label/333-mgc_matrix_mult_c-util_0.9.npy
feature/254-mgc_matrix_mult_b-util_0.85.npy,label/254-mgc_matrix_mult_b-util_0.85.npy
feature/2-mgc_pci_bridge32_a-util_0.75.npy,label/2-mgc_pci_bridge32_a-util_0.75.npy
feature/306-mgc_matrix_mult_b-util_0.7.npy,label/306-mgc_matrix_mult_b-util_0.7.npy
feature/162-mgc_fft_b-util_0.85.npy,label/162-mgc_fft_b-util_0.85.npy
feature/52-mgc_pci_bridge32_b-util_0.85.npy,label/52-mgc_pci_bridge32_b-util_0.85.npy
feature/211-mgc_edit_dist_a-util_0.9.npy,label/211-mgc_edit_dist_a-util_0.9.npy
feature/316-mgc_matrix_mult_a-util_0.8.npy,label/316-mgc_matrix_mult_a-util_0.8.npy
feature/420-mgc_superblue12-util_0.9.npy,label/420-mgc_superblue12-util_0.9.npy
feature/277-mgc_matrix_mult_c-util_0.85.npy,label/277-mgc_matrix_mult_c-util_0.85.npy
feature/272-mgc_matrix_mult_a-util_0.7.npy,label/272-mgc_matrix_mult_a-util_0.7.npy
feature/35-mgc_pci_bridge32_b-util_0.9.npy,label/35-mgc_pci_bridge32_b-util_0.9.npy
feature/365-mgc_matrix_mult_c-util_0.75.npy,label/365-mgc_matrix_mult_c-util_0.75.npy
feature/346-mgc_matrix_mult_c-util_0.8.npy,label/346-mgc_matrix_mult_c-util_0.8.npy
feature/110-mgc_pci_bridge32_b-util_0.85.npy,label/110-mgc_pci_bridge32_b-util_0.85.npy
feature/447-mgc_superblue11_a-util_0.85.npy,label/447-mgc_superblue11_a-util_0.85.npy
feature/163-mgc_fft_b-util_0.7.npy,label/163-mgc_fft_b-util_0.7.npy
feature/227-mgc_edit_dist_a-util_0.85.npy,label/227-mgc_edit_dist_a-util_0.85.npy
feature/445-mgc_superblue14-util_0.7.npy,label/445-mgc_superblue14-util_0.7.npy
feature/301-mgc_matrix_mult_a-util_0.9.npy,label/301-mgc_matrix_mult_a-util_0.9.npy
feature/530-mgc_superblue19-util_0.7.npy,label/530-mgc_superblue19-util_0.7.npy
feature/12-mgc_pci_bridge32_a-util_0.7.npy,label/12-mgc_pci_bridge32_a-util_0.7.npy
feature/235-mgc_edit_dist_a-util_0.75.npy,label/235-mgc_edit_dist_a-util_0.75.npy
feature/498-mgc_superblue14-util_0.7.npy,label/498-mgc_superblue14-util_0.7.npy
feature/400-mgc_superblue16_a-util_0.7.npy,label/400-mgc_superblue16_a-util_0.7.npy
feature/271-mgc_matrix_mult_c-util_0.75.npy,label/271-mgc_matrix_mult_c-util_0.75.npy
feature/55-mgc_fft_a-util_0.75.npy,label/55-mgc_fft_a-util_0.75.npy
feature/32-mgc_pci_bridge32_a-util_0.8.npy,label/32-mgc_pci_bridge32_a-util_0.8.npy
feature/199-mgc_des_perf_a-util_0.7.npy,label/199-mgc_des_perf_a-util_0.7.npy
feature/376-mgc_matrix_mult_b-util_0.75.npy,label/376-mgc_matrix_mult_b-util_0.75.npy
feature/403-mgc_superblue12-util_0.7.npy,label/403-mgc_superblue12-util_0.7.npy
feature/239-mgc_des_perf_a-util_0.75.npy,label/239-mgc_des_perf_a-util_0.75.npy
feature/366-mgc_matrix_mult_a-util_0.7.npy,label/366-mgc_matrix_mult_a-util_0.7.npy
feature/219-mgc_des_perf_a-util_0.8.npy,label/219-mgc_des_perf_a-util_0.8.npy
feature/190-mgc_fft_a-util_0.75.npy,label/190-mgc_fft_a-util_0.75.npy
feature/231-mgc_des_perf_a-util_0.9.npy,label/231-mgc_des_perf_a-util_0.9.npy
feature/384-mgc_superblue19-util_0.75.npy,label/384-mgc_superblue19-util_0.75.npy
feature/67-mgc_fft_b-util_0.75.npy,label/67-mgc_fft_b-util_0.75.npy
feature/395-mgc_superblue19-util_0.9.npy,label/395-mgc_superblue19-util_0.9.npy
feature/109-mgc_edit_dist_a-util_0.85.npy,label/109-mgc_edit_dist_a-util_0.85.npy
feature/311-mgc_pci_bridge32_a-util_0.7.npy,label/311-mgc_pci_bridge32_a-util_0.7.npy
feature/522-mgc_superblue19-util_0.9.npy,label/522-mgc_superblue19-util_0.9.npy
feature/446-mgc_superblue14-util_0.9.npy,label/446-mgc_superblue14-util_0.9.npy
feature/113-mgc_fft_b-util_0.8.npy,label/113-mgc_fft_b-util_0.8.npy
feature/343-mgc_matrix_mult_c-util_0.8.npy,label/343-mgc_matrix_mult_c-util_0.8.npy
feature/329-mgc_matrix_mult_a-util_0.75.npy,label/329-mgc_matrix_mult_a-util_0.75.npy
feature/5-mgc_pci_bridge32_a-util_0.85.npy,label/5-mgc_pci_bridge32_a-util_0.85.npy
feature/372-mgc_matrix_mult_c-util_0.85.npy,label/372-mgc_matrix_mult_c-util_0.85.npy
feature/407-mgc_superblue12-util_0.9.npy,label/407-mgc_superblue12-util_0.9.npy
feature/406-mgc_superblue12-util_0.85.npy,label/406-mgc_superblue12-util_0.85.npy
feature/16-mgc_pci_bridge32_a-util_0.85.npy,label/16-mgc_pci_bridge32_a-util_0.85.npy
feature/140-mgc_fft_b-util_0.8.npy,label/140-mgc_fft_b-util_0.8.npy
feature/525-mgc_superblue19-util_0.9.npy,label/525-mgc_superblue19-util_0.9.npy
feature/233-mgc_des_perf_a-util_0.8.npy,label/233-mgc_des_perf_a-util_0.8.npy
feature/122-mgc_des_perf_a-util_0.7.npy,label/122-mgc_des_perf_a-util_0.7.npy
feature/155-mgc_edit_dist_a-util_0.85.npy,label/155-mgc_edit_dist_a-util_0.85.npy
feature/169-mgc_edit_dist_a-util_0.7.npy,label/169-mgc_edit_dist_a-util_0.7.npy
feature/491-mgc_superblue14-util_0.7.npy,label/491-mgc_superblue14-util_0.7.npy
feature/134-mgc_fft_a-util_0.7.npy,label/134-mgc_fft_a-util_0.7.npy
feature/430-mgc_superblue14-util_0.85.npy,label/430-mgc_superblue14-util_0.85.npy
feature/503-mgc_superblue14-util_0.9.npy,label/503-mgc_superblue14-util_0.9.npy
feature/75-mgc_pci_bridge32_b-util_0.7.npy,label/75-mgc_pci_bridge32_b-util_0.7.npy
feature/26-mgc_pci_bridge32_b-util_0.7.npy,label/26-mgc_pci_bridge32_b-util_0.7.npy
feature/230-mgc_des_perf_a-util_0.9.npy,label/230-mgc_des_perf_a-util_0.9.npy
feature/133-mgc_fft_b-util_0.9.npy,label/133-mgc_fft_b-util_0.9.npy
feature/362-mgc_matrix_mult_a-util_0.7.npy,label/362-mgc_matrix_mult_a-util_0.7.npy
feature/174-mgc_fft_b-util_0.75.npy,label/174-mgc_fft_b-util_0.75.npy
feature/392-mgc_superblue19-util_0.85.npy,label/392-mgc_superblue19-util_0.85.npy
feature/226-mgc_des_perf_a-util_0.7.npy,label/226-mgc_des_perf_a-util_0.7.npy
feature/180-mgc_fft_a-util_0.8.npy,label/180-mgc_fft_a-util_0.8.npy
feature/520-mgc_superblue19-util_0.75.npy,label/520-mgc_superblue19-util_0.75.npy
feature/14-mgc_pci_bridge32_a-util_0.75.npy,label/14-mgc_pci_bridge32_a-util_0.75.npy
feature/265-mgc_matrix_mult_a-util_0.8.npy,label/265-mgc_matrix_mult_a-util_0.8.npy
feature/394-mgc_superblue19-util_0.75.npy,label/394-mgc_superblue19-util_0.75.npy
feature/249-mgc_matrix_mult_b-util_0.85.npy,label/249-mgc_matrix_mult_b-util_0.85.npy
feature/204-mgc_edit_dist_a-util_0.7.npy,label/204-mgc_edit_dist_a-util_0.7.npy
feature/121-mgc_fft_a-util_0.8.npy,label/121-mgc_fft_a-util_0.8.npy
feature/500-mgc_superblue16_a-util_0.75.npy,label/500-mgc_superblue16_a-util_0.75.npy
feature/426-mgc_superblue12-util_0.9.npy,label/426-mgc_superblue12-util_0.9.npy
feature/21-mgc_pci_bridge32_b-util_0.8.npy,label/21-mgc_pci_bridge32_b-util_0.8.npy
feature/191-mgc_fft_b-util_0.75.npy,label/191-mgc_fft_b-util_0.75.npy
feature/37-mgc_pci_bridge32_b-util_0.9.npy,label/37-mgc_pci_bridge32_b-util_0.9.npy
feature/295-mgc_matrix_mult_a-util_0.7.npy,label/295-mgc_matrix_mult_a-util_0.7.npy
feature/147-mgc_fft_b-util_0.7.npy,label/147-mgc_fft_b-util_0.7.npy
feature/456-mgc_superblue14-util_0.75.npy,label/456-mgc_superblue14-util_0.75.npy
feature/402-mgc_superblue12-util_0.7.npy,label/402-mgc_superblue12-util_0.7.npy
feature/506-mgc_superblue16_a-util_0.8.npy,label/506-mgc_superblue16_a-util_0.8.npy
feature/371-mgc_matrix_mult_c-util_0.85.npy,label/371-mgc_matrix_mult_c-util_0.85.npy
feature/228-mgc_edit_dist_a-util_0.75.npy,label/228-mgc_edit_dist_a-util_0.75.npy
feature/143-mgc_edit_dist_a-util_0.85.npy,label/143-mgc_edit_dist_a-util_0.85.npy
feature/45-mgc_pci_bridge32_b-util_0.8.npy,label/45-mgc_pci_bridge32_b-util_0.8.npy
feature/27-mgc_pci_bridge32_a-util_0.75.npy,label/27-mgc_pci_bridge32_a-util_0.75.npy
feature/360-mgc_matrix_mult_c-util_0.9.npy,label/360-mgc_matrix_mult_c-util_0.9.npy
feature/338-mgc_matrix_mult_b-util_0.85.npy,label/338-mgc_matrix_mult_b-util_0.85.npy
feature/472-mgc_superblue14-util_0.8.npy,label/472-mgc_superblue14-util_0.8.npy
feature/276-mgc_matrix_mult_b-util_0.9.npy,label/276-mgc_matrix_mult_b-util_0.9.npy
feature/58-mgc_pci_bridge32_b-util_0.75.npy,label/58-mgc_pci_bridge32_b-util_0.75.npy
feature/337-mgc_matrix_mult_b-util_0.75.npy,label/337-mgc_matrix_mult_b-util_0.75.npy
feature/497-mgc_superblue14-util_0.85.npy,label/497-mgc_superblue14-util_0.85.npy
feature/393-mgc_superblue19-util_0.7.npy,label/393-mgc_superblue19-util_0.7.npy
feature/208-mgc_edit_dist_a-util_0.9.npy,label/208-mgc_edit_dist_a-util_0.9.npy
feature/49-mgc_pci_bridge32_b-util_0.7.npy,label/49-mgc_pci_bridge32_b-util_0.7.npy
feature/246-mgc_des_perf_a-util_0.9.npy,label/246-mgc_des_perf_a-util_0.9.npy
feature/524-mgc_superblue19-util_0.75.npy,label/524-mgc_superblue19-util_0.75.npy
feature/391-mgc_superblue19-util_0.7.npy,label/391-mgc_superblue19-util_0.7.npy
feature/6-mgc_pci_bridge32_a-util_0.75.npy,label/6-mgc_pci_bridge32_a-util_0.75.npy
feature/353-mgc_matrix_mult_b-util_0.7.npy,label/353-mgc_matrix_mult_b-util_0.7.npy
feature/507-mgc_superblue11_a-util_0.7.npy,label/507-mgc_superblue11_a-util_0.7.npy
feature/511-mgc_superblue14-util_0.7.npy,label/511-mgc_superblue14-util_0.7.npy
feature/223-mgc_edit_dist_a-util_0.85.npy,label/223-mgc_edit_dist_a-util_0.85.npy
feature/9-mgc_pci_bridge32_a-util_0.7.npy,label/9-mgc_pci_bridge32_a-util_0.7.npy
feature/335-mgc_matrix_mult_b-util_0.75.npy,label/335-mgc_matrix_mult_b-util_0.75.npy
feature/154-mgc_fft_a-util_0.7.npy,label/154-mgc_fft_a-util_0.7.npy
feature/183-mgc_des_perf_a-util_0.85.npy,label/183-mgc_des_perf_a-util_0.85.npy
feature/377-mgc_matrix_mult_b-util_0.75.npy,label/377-mgc_matrix_mult_b-util_0.75.npy
feature/64-mgc_fft_b-util_0.8.npy,label/64-mgc_fft_b-util_0.8.npy
feature/510-mgc_superblue16_a-util_0.8.npy,label/510-mgc_superblue16_a-util_0.8.npy
feature/17-mgc_pci_bridge32_b-util_0.9.npy,label/17-mgc_pci_bridge32_b-util_0.9.npy
feature/315-mgc_matrix_mult_b-util_0.8.npy,label/315-mgc_matrix_mult_b-util_0.8.npy
feature/184-mgc_fft_b-util_0.8.npy,label/184-mgc_fft_b-util_0.8.npy
feature/142-mgc_fft_a-util_0.8.npy,label/142-mgc_fft_a-util_0.8.npy
feature/63-mgc_fft_a-util_0.85.npy,label/63-mgc_fft_a-util_0.85.npy
feature/212-mgc_des_perf_a-util_0.8.npy,label/212-mgc_des_perf_a-util_0.8.npy
feature/413-mgc_superblue12-util_0.8.npy,label/413-mgc_superblue12-util_0.8.npy
feature/486-mgc_superblue14-util_0.7.npy,label/486-mgc_superblue14-util_0.7.npy
feature/512-mgc_superblue16_a-util_0.9.npy,label/512-mgc_superblue16_a-util_0.9.npy
feature/363-mgc_matrix_mult_a-util_0.75.npy,label/363-mgc_matrix_mult_a-util_0.75.npy
feature/457-mgc_superblue14-util_0.8.npy,label/457-mgc_superblue14-util_0.8.npy
feature/186-mgc_fft_b-util_0.9.npy,label/186-mgc_fft_b-util_0.9.npy
feature/19-mgc_pci_bridge32_a-util_0.85.npy,label/19-mgc_pci_bridge32_a-util_0.85.npy
feature/370-mgc_matrix_mult_a-util_0.75.npy,label/370-mgc_matrix_mult_a-util_0.75.npy
feature/274-mgc_matrix_mult_b-util_0.7.npy,label/274-mgc_matrix_mult_b-util_0.7.npy
feature/431-mgc_superblue16_a-util_0.75.npy,label/431-mgc_superblue16_a-util_0.75.npy
feature/375-mgc_matrix_mult_a-util_0.85.npy,label/375-mgc_matrix_mult_a-util_0.85.npy
feature/57-mgc_pci_bridge32_b-util_0.75.npy,label/57-mgc_pci_bridge32_b-util_0.75.npy
feature/278-mgc_matrix_mult_b-util_0.9.npy,label/278-mgc_matrix_mult_b-util_0.9.npy
feature/198-mgc_des_perf_a-util_0.7.npy,label/198-mgc_des_perf_a-util_0.7.npy
feature/215-mgc_des_perf_a-util_0.75.npy,label/215-mgc_des_perf_a-util_0.75.npy
feature/114-mgc_edit_dist_a-util_0.75.npy,label/114-mgc_edit_dist_a-util_0.75.npy
feature/485-mgc_superblue16_a-util_0.8.npy,label/485-mgc_superblue16_a-util_0.8.npy
feature/396-mgc_superblue19-util_0.9.npy,label/396-mgc_superblue19-util_0.9.npy
feature/86-mgc_pci_bridge32_b-util_0.85.npy,label/86-mgc_pci_bridge32_b-util_0.85.npy
feature/33-mgc_pci_bridge32_a-util_0.85.npy,label/33-mgc_pci_bridge32_a-util_0.85.npy
feature/216-mgc_des_perf_a-util_0.85.npy,label/216-mgc_des_perf_a-util_0.85.npy
feature/526-mgc_superblue19-util_0.8.npy,label/526-mgc_superblue19-util_0.8.npy
feature/104-mgc_fft_a-util_0.85.npy,label/104-mgc_fft_a-util_0.85.npy
feature/248-mgc_matrix_mult_c-util_0.85.npy,label/248-mgc_matrix_mult_c-util_0.85.npy
feature/312-mgc_matrix_mult_a-util_0.9.npy,label/312-mgc_matrix_mult_a-util_0.9.npy
feature/46-mgc_fft_a-util_0.7.npy,label/46-mgc_fft_a-util_0.7.npy
feature/399-mgc_superblue12-util_0.9.npy,label/399-mgc_superblue12-util_0.9.npy
feature/463-mgc_superblue14-util_0.7.npy,label/463-mgc_superblue14-util_0.7.npy
feature/505-mgc_superblue11_a-util_0.9.npy,label/505-mgc_superblue11_a-util_0.9.npy
feature/206-mgc_edit_dist_a-util_0.8.npy,label/206-mgc_edit_dist_a-util_0.8.npy
feature/425-mgc_superblue12-util_0.7.npy,label/425-mgc_superblue12-util_0.7.npy
feature/296-mgc_matrix_mult_c-util_0.7.npy,label/296-mgc_matrix_mult_c-util_0.7.npy
feature/349-mgc_matrix_mult_c-util_0.9.npy,label/349-mgc_matrix_mult_c-util_0.9.npy
feature/355-mgc_matrix_mult_b-util_0.75.npy,label/355-mgc_matrix_mult_b-util_0.75.npy
feature/1-mgc_pci_bridge32_b-util_0.9.npy,label/1-mgc_pci_bridge32_b-util_0.9.npy
feature/71-mgc_fft_b-util_0.7.npy,label/71-mgc_fft_b-util_0.7.npy
feature/116-mgc_des_perf_a-util_0.75.npy,label/116-mgc_des_perf_a-util_0.75.npy
feature/193-mgc_edit_dist_a-util_0.8.npy,label/193-mgc_edit_dist_a-util_0.8.npy
feature/84-mgc_fft_a-util_0.85.npy,label/84-mgc_fft_a-util_0.85.npy
feature/60-mgc_fft_a-util_0.75.npy,label/60-mgc_fft_a-util_0.75.npy
feature/299-mgc_matrix_mult_a-util_0.9.npy,label/299-mgc_matrix_mult_a-util_0.9.npy
feature/282-mgc_matrix_mult_c-util_0.85.npy,label/282-mgc_matrix_mult_c-util_0.85.npy
feature/56-mgc_pci_bridge32_b-util_0.9.npy,label/56-mgc_pci_bridge32_b-util_0.9.npy
feature/10-mgc_pci_bridge32_a-util_0.7.npy,label/10-mgc_pci_bridge32_a-util_0.7.npy
feature/434-mgc_superblue16_a-util_0.75.npy,label/434-mgc_superblue16_a-util_0.75.npy
feature/352-mgc_matrix_mult_a-util_0.85.npy,label/352-mgc_matrix_mult_a-util_0.85.npy
feature/284-mgc_matrix_mult_b-util_0.8.npy,label/284-mgc_matrix_mult_b-util_0.8.npy
feature/257-mgc_des_perf_a-util_0.7.npy,label/257-mgc_des_perf_a-util_0.7.npy
feature/44-mgc_pci_bridge32_b-util_0.8.npy,label/44-mgc_pci_bridge32_b-util_0.8.npy
feature/364-mgc_matrix_mult_b-util_0.7.npy,label/364-mgc_matrix_mult_b-util_0.7.npy
feature/207-mgc_edit_dist_a-util_0.8.npy,label/207-mgc_edit_dist_a-util_0.8.npy
feature/518-mgc_superblue19-util_0.85.npy,label/518-mgc_superblue19-util_0.85.npy
feature/432-mgc_superblue14-util_0.8.npy,label/432-mgc_superblue14-util_0.8.npy
feature/262-mgc_matrix_mult_b-util_0.8.npy,label/262-mgc_matrix_mult_b-util_0.8.npy
feature/267-mgc_matrix_mult_b-util_0.8.npy,label/267-mgc_matrix_mult_b-util_0.8.npy
feature/251-mgc_des_perf_a-util_0.8.npy,label/251-mgc_des_perf_a-util_0.8.npy
feature/197-mgc_edit_dist_a-util_0.9.npy,label/197-mgc_edit_dist_a-util_0.9.npy
feature/479-mgc_superblue16_a-util_0.7.npy,label/479-mgc_superblue16_a-util_0.7.npy
feature/179-mgc_edit_dist_a-util_0.9.npy,label/179-mgc_edit_dist_a-util_0.9.npy
feature/196-mgc_edit_dist_a-util_0.8.npy,label/196-mgc_edit_dist_a-util_0.8.npy
feature/138-mgc_fft_b-util_0.8.npy,label/138-mgc_fft_b-util_0.8.npy
feature/359-mgc_matrix_mult_a-util_0.75.npy,label/359-mgc_matrix_mult_a-util_0.75.npy
feature/232-mgc_edit_dist_a-util_0.75.npy,label/232-mgc_edit_dist_a-util_0.75.npy
feature/336-mgc_matrix_mult_c-util_0.7.npy,label/336-mgc_matrix_mult_c-util_0.7.npy
feature/297-mgc_matrix_mult_a-util_0.8.npy,label/297-mgc_matrix_mult_a-util_0.8.npy
feature/454-mgc_superblue11_a-util_0.75.npy,label/454-mgc_superblue11_a-util_0.75.npy
feature/280-mgc_matrix_mult_a-util_0.9.npy,label/280-mgc_matrix_mult_a-util_0.9.npy
feature/433-mgc_superblue11_a-util_0.85.npy,label/433-mgc_superblue11_a-util_0.85.npy
feature/409-mgc_superblue12-util_0.85.npy,label/409-mgc_superblue12-util_0.85.npy
feature/90-mgc_edit_dist_a-util_0.75.npy,label/90-mgc_edit_dist_a-util_0.75.npy
feature/167-mgc_edit_dist_a-util_0.8.npy,label/167-mgc_edit_dist_a-util_0.8.npy
feature/496-mgc_superblue11_a-util_0.75.npy,label/496-mgc_superblue11_a-util_0.75.npy
feature/117-mgc_fft_b-util_0.7.npy,label/117-mgc_fft_b-util_0.7.npy
feature/513-mgc_superblue14-util_0.9.npy,label/513-mgc_superblue14-util_0.9.npy
feature/494-mgc_superblue16_a-util_0.9.npy,label/494-mgc_superblue16_a-util_0.9.npy
feature/308-mgc_matrix_mult_b-util_0.9.npy,label/308-mgc_matrix_mult_b-util_0.9.npy
feature/293-mgc_matrix_mult_b-util_0.7.npy,label/293-mgc_matrix_mult_b-util_0.7.npy
feature/214-mgc_des_perf_a-util_0.9.npy,label/214-mgc_des_perf_a-util_0.9.npy
feature/423-mgc_superblue12-util_0.75.npy,label/423-mgc_superblue12-util_0.75.npy
feature/229-mgc_des_perf_a-util_0.8.npy,label/229-mgc_des_perf_a-util_0.8.npy
feature/307-mgc_matrix_mult_a-util_0.7.npy,label/307-mgc_matrix_mult_a-util_0.7.npy
feature/467-mgc_superblue11_a-util_0.8.npy,label/467-mgc_superblue11_a-util_0.8.npy
feature/484-mgc_superblue11_a-util_0.85.npy,label/484-mgc_superblue11_a-util_0.85.npy
feature/405-mgc_superblue12-util_0.85.npy,label/405-mgc_superblue12-util_0.85.npy
feature/177-mgc_fft_a-util_0.9.npy,label/177-mgc_fft_a-util_0.9.npy
feature/4-mgc_pci_bridge32_a-util_0.7.npy,label/4-mgc_pci_bridge32_a-util_0.7.npy
feature/292-mgc_matrix_mult_c-util_0.8.npy,label/292-mgc_matrix_mult_c-util_0.8.npy
feature/509-mgc_superblue14-util_0.85.npy,label/509-mgc_superblue14-util_0.85.npy
feature/502-mgc_superblue16_a-util_0.8.npy,label/502-mgc_superblue16_a-util_0.8.npy
feature/237-mgc_des_perf_a-util_0.7.npy,label/237-mgc_des_perf_a-util_0.7.npy
feature/398-mgc_superblue14-util_0.85.npy,label/398-mgc_superblue14-util_0.85.npy
feature/440-mgc_superblue16_a-util_0.7.npy,label/440-mgc_superblue16_a-util_0.7.npy
feature/77-mgc_fft_b-util_0.8.npy,label/77-mgc_fft_b-util_0.8.npy
feature/153-mgc_fft_a-util_0.75.npy,label/153-mgc_fft_a-util_0.75.npy
feature/318-mgc_matrix_mult_b-util_0.8.npy,label/318-mgc_matrix_mult_b-util_0.8.npy
feature/126-mgc_fft_a-util_0.8.npy,label/126-mgc_fft_a-util_0.8.npy
feature/192-mgc_des_perf_a-util_0.85.npy,label/192-mgc_des_perf_a-util_0.85.npy
feature/348-mgc_matrix_mult_c-util_0.9.npy,label/348-mgc_matrix_mult_c-util_0.9.npy
feature/209-mgc_des_perf_a-util_0.85.npy,label/209-mgc_des_perf_a-util_0.85.npy
feature/388-mgc_superblue19-util_0.8.npy,label/388-mgc_superblue19-util_0.8.npy
feature/303-mgc_matrix_mult_c-util_0.7.npy,label/303-mgc_matrix_mult_c-util_0.7.npy
feature/40-mgc_pci_bridge32_b-util_0.75.npy,label/40-mgc_pci_bridge32_b-util_0.75.npy
feature/488-mgc_superblue14-util_0.75.npy,label/488-mgc_superblue14-util_0.75.npy
feature/321-mgc_matrix_mult_a-util_0.8.npy,label/321-mgc_matrix_mult_a-util_0.8.npy
feature/328-mgc_matrix_mult_a-util_0.8.npy,label/328-mgc_matrix_mult_a-util_0.8.npy
feature/171-mgc_fft_b-util_0.75.npy,label/171-mgc_fft_b-util_0.75.npy
feature/66-mgc_pci_bridge32_b-util_0.85.npy,label/66-mgc_pci_bridge32_b-util_0.85.npy
feature/260-mgc_matrix_mult_a-util_0.8.npy,label/260-mgc_matrix_mult_a-util_0.8.npy
feature/529-mgc_superblue19-util_0.8.npy,label/529-mgc_superblue19-util_0.8.npy
feature/414-mgc_superblue12-util_0.8.npy,label/414-mgc_superblue12-util_0.8.npy
feature/490-mgc_superblue16_a-util_0.75.npy,label/490-mgc_superblue16_a-util_0.75.npy
feature/458-mgc_superblue11_a-util_0.8.npy,label/458-mgc_superblue11_a-util_0.8.npy
feature/106-mgc_pci_bridge32_b-util_0.85.npy,label/106-mgc_pci_bridge32_b-util_0.85.npy
feature/327-mgc_matrix_mult_a-util_0.9.npy,label/327-mgc_matrix_mult_a-util_0.9.npy
feature/7-mgc_pci_bridge32_a-util_0.75.npy,label/7-mgc_pci_bridge32_a-util_0.75.npy
feature/101-mgc_fft_a-util_0.85.npy,label/101-mgc_fft_a-util_0.85.npy
feature/243-mgc_des_perf_a-util_0.9.npy,label/243-mgc_des_perf_a-util_0.9.npy
feature/70-mgc_pci_bridge32_b-util_0.85.npy,label/70-mgc_pci_bridge32_b-util_0.85.npy
feature/82-mgc_fft_b-util_0.85.npy,label/82-mgc_fft_b-util_0.85.npy
feature/97-mgc_pci_bridge32_b-util_0.8.npy,label/97-mgc_pci_bridge32_b-util_0.8.npy
feature/165-mgc_edit_dist_a-util_0.7.npy,label/165-mgc_edit_dist_a-util_0.7.npy
feature/302-mgc_matrix_mult_c-util_0.7.npy,label/302-mgc_matrix_mult_c-util_0.7.npy
feature/187-mgc_des_perf_a-util_0.75.npy,label/187-mgc_des_perf_a-util_0.75.npy
feature/87-mgc_pci_bridge32_b-util_0.85.npy,label/87-mgc_pci_bridge32_b-util_0.85.npy
feature/15-mgc_pci_bridge32_a-util_0.7.npy,label/15-mgc_pci_bridge32_a-util_0.7.npy
feature/85-mgc_fft_a-util_0.8.npy,label/85-mgc_fft_a-util_0.8.npy
feature/205-mgc_edit_dist_a-util_0.7.npy,label/205-mgc_edit_dist_a-util_0.7.npy
feature/178-mgc_fft_a-util_0.75.npy,label/178-mgc_fft_a-util_0.75.npy
feature/382-mgc_matrix_mult_c-util_0.75.npy,label/382-mgc_matrix_mult_c-util_0.75.npy
feature/161-mgc_fft_b-util_0.8.npy,label/161-mgc_fft_b-util_0.8.npy
feature/286-mgc_matrix_mult_b-util_0.8.npy,label/286-mgc_matrix_mult_b-util_0.8.npy
feature/281-mgc_matrix_mult_a-util_0.9.npy,label/281-mgc_matrix_mult_a-util_0.9.npy
feature/408-mgc_superblue12-util_0.85.npy,label/408-mgc_superblue12-util_0.85.npy
feature/53-mgc_fft_a-util_0.7.npy,label/53-mgc_fft_a-util_0.7.npy
feature/95-mgc_edit_dist_a-util_0.7.npy,label/95-mgc_edit_dist_a-util_0.7.npy
feature/103-mgc_fft_b-util_0.85.npy,label/103-mgc_fft_b-util_0.85.npy
feature/419-mgc_superblue12-util_0.85.npy,label/419-mgc_superblue12-util_0.85.npy
feature/383-mgc_matrix_mult_a-util_0.75.npy,label/383-mgc_matrix_mult_a-util_0.75.npy
feature/74-mgc_fft_b-util_0.7.npy,label/74-mgc_fft_b-util_0.7.npy
feature/533-mgc_superblue19-util_0.8.npy,label/533-mgc_superblue19-util_0.8.npy
feature/325-mgc_matrix_mult_b-util_0.9.npy,label/325-mgc_matrix_mult_b-util_0.9.npy
feature/59-mgc_pci_bridge32_b-util_0.75.npy,label/59-mgc_pci_bridge32_b-util_0.75.npy
feature/263-mgc_matrix_mult_c-util_0.75.npy,label/263-mgc_matrix_mult_c-util_0.75.npy
feature/266-mgc_matrix_mult_b-util_0.8.npy,label/266-mgc_matrix_mult_b-util_0.8.npy
feature/473-mgc_superblue11_a-util_0.7.npy,label/473-mgc_superblue11_a-util_0.7.npy
feature/501-mgc_superblue11_a-util_0.85.npy,label/501-mgc_superblue11_a-util_0.85.npy
feature/220-mgc_des_perf_a-util_0.75.npy,label/220-mgc_des_perf_a-util_0.75.npy
feature/489-mgc_superblue11_a-util_0.7.npy,label/489-mgc_superblue11_a-util_0.7.npy
feature/30-mgc_pci_bridge32_a-util_0.75.npy,label/30-mgc_pci_bridge32_a-util_0.75.npy
feature/166-mgc_fft_a-util_0.75.npy,label/166-mgc_fft_a-util_0.75.npy
feature/78-mgc_pci_bridge32_b-util_0.75.npy,label/78-mgc_pci_bridge32_b-util_0.75.npy
feature/236-mgc_des_perf_a-util_0.7.npy,label/236-mgc_des_perf_a-util_0.7.npy
